driver_id,name,surname,nationality,date_of_birth
abate,Carlo,Abate,Italian,1932-07-10
abecassis,George,Abecassis,British,1913-03-21
acheson,Kenny,Acheson,British,1957-11-27
adamich,Andrea,"de Adamich",Italian,1941-10-03
adams,Philippe,Adams,Belgian,1969-11-19
ader,Walt,Ader,American,1913-12-15
adolff,Kurt,Adolff,German,1921-11-05
agabashian,Fred,Agabashian,American,1913-08-21
ahrens,Kurt,Ahrens,German,1940-04-19
aitken,Jack,Aitken,British,1995-09-23
alan_brown,Alan,Brown,British,1919-11-20
albers,Christijan,Albers,Dutch,1979-04-16
albon,Alexander,Albon,Thai,1996-03-23
alboreto,Michele,Alboreto,Italian,1956-12-23
alesi,Jean,Alesi,French,1964-06-11
alguersuari,Jaime,Alguersuari,Spanish,1990-03-23
alliot,Philippe,Alliot,French,1954-07-27
allison,Cliff,Allison,British,1932-02-08
alonso,Fernando,Alonso,Spanish,1981-07-29
amati,Giovanna,Amati,Italian,1959-07-20
ambrosio,Jérôme,d'Ambrosio,Belgian,1985-12-27
amick,Red,Amick,American,1929-01-19
amon,Chris,Amon,"New Zealander",1943-07-20
anderson,Bob,Anderson,British,1931-05-19
andersson,Conny,Andersson,Swedish,1939-12-28
andre_pilette,André,Pilette,Belgian,1918-10-06
andretti,Michael,Andretti,American,1962-10-05
andrews,Keith,Andrews,American,1920-06-15
angelis,Elio,"de Angelis",Italian,1958-03-26
apicella,Marco,Apicella,Italian,1965-10-07
armi,Frank,Armi,American,1918-10-12
arnold,Chuck,Arnold,American,1926-05-30
arnoux,René,Arnoux,French,1948-07-04
arundell,Peter,Arundell,British,1933-11-08
ascari,Alberto,Ascari,Italian,1918-07-13
ashdown,Peter,Ashdown,British,1934-10-16
ashley,Ian,Ashley,British,1947-10-26
ashmore,Gerry,Ashmore,British,1936-07-25
aston,Bill,Aston,British,1900-03-29
attwood,Richard,Attwood,British,1940-04-04
ayulo,Manny,Ayulo,American,1921-10-20
badoer,Luca,Badoer,Italian,1971-01-25
baghetti,Giancarlo,Baghetti,Italian,1934-12-25
bailey,Julian,Bailey,British,1961-10-09
baldi,Mauro,Baldi,Italian,1954-01-31
ball,Bobby,Ball,American,1925-08-26
balsa,Marcel,Balsa,French,1909-01-01
bandini,Lorenzo,Bandini,Italian,1935-12-21
banks,Henry,Banks,American,1913-06-14
barbazza,Fabrizio,Barbazza,Italian,1963-04-02
barber,Skip,Barber,American,1936-11-16
barilla,Paolo,Barilla,Italian,1961-04-20
barrichello,Rubens,Barrichello,Brazilian,1972-05-23
bartels,Michael,Bartels,German,1968-03-08
barth,Edgar,Barth,German,1917-01-26
bassi,Giorgio,Bassi,Italian,1934-01-20
bauer,Erwin,Bauer,German,1912-07-17
baumgartner,Zsolt,Baumgartner,Hungarian,1981-01-01
bayol,Élie,Bayol,French,1914-02-28
beaufort,"Carel Godin","de Beaufort",Dutch,1934-04-10
beauman,Don,Beauman,British,1928-07-26
bechem,Günther,Bechem,German,1921-12-21
behra,Jean,Behra,French,1921-02-16
bell,Derek,Bell,British,1941-10-31
bellof,Stefan,Bellof,German,1957-11-20
belmondo,Paul,Belmondo,French,1963-04-23
belso,Tom,Belsø,Danish,1942-08-27
beltoise,Jean-Pierre,Beltoise,French,1937-04-26
beretta,Olivier,Beretta,Monegasque,1969-11-23
berg,Allen,Berg,Canadian,1961-08-01
berger,Gerhard,Berger,Austrian,1959-08-27
bernard,Éric,Bernard,French,1964-08-24
bernoldi,Enrique,Bernoldi,Brazilian,1978-10-19
bertaggia,Enrico,Bertaggia,Italian,1964-09-19
bettenhausen,Tony,Bettenhausen,American,1916-09-12
beuttler,Mike,Beuttler,British,1940-04-13
bianchi,Lucien,Bianchi,Belgian,1934-11-10
bianco,Gino,Bianco,Brazilian,1916-07-22
bill_moss,Bill,Moss,British,1933-09-04
binder,Hans,Binder,Austrian,1948-06-12
biondetti,Clemente,Biondetti,Italian,1898-08-18
bira,Prince,Bira,Thai,1914-07-15
birger,Pablo,Birger,Argentine,1924-01-07
bisch,Art,Bisch,American,1926-11-10
blanchard,Harry,Blanchard,American,1929-06-13
bleekemolen,Michael,Bleekemolen,Dutch,1949-10-02
blignaut,Alex,Blignaut,"South African",1932-11-30
blokdyk,Trevor,Blokdyk,"South African",1935-11-30
blundell,Mark,Blundell,British,1966-04-08
bob_scott,Bob,Scott,American,1928-10-04
boesel,Raul,Boesel,Brazilian,1957-12-04
boffa,Menato,Boffa,Italian,1930-01-04
bondurant,Bob,Bondurant,American,1933-04-27
bonetto,Felice,Bonetto,Italian,1903-06-09
bonnier,Jo,Bonnier,Swedish,1930-01-31
bonomi,Roberto,Bonomi,Argentine,1919-09-30
bordeu,"Juan Manuel",Bordeu,Argentine,1934-01-28
borgudd,Slim,Borgudd,Swedish,1946-11-25
botha,Luki,Botha,"South African",1930-01-16
bottas,Valtteri,Bottas,Finnish,1989-08-28
boullion,Jean-Christophe,Boullion,French,1969-12-27
bourdais,Sébastien,Bourdais,French,1979-02-28
boutsen,Thierry,Boutsen,Belgian,1957-07-13
boyd,Johnny,Boyd,American,1926-08-19
brabham,David,Brabham,Australian,1965-09-05
brack,Bill,Brack,Canadian,1935-12-26
brambilla,Vittorio,Brambilla,Italian,1937-11-11
branca,Toni,Branca,Swiss,1916-09-15
brancatelli,Gianfranco,Brancatelli,Italian,1950-01-18
brandon,Eric,Brandon,British,1920-07-18
branson,Don,Branson,American,1920-06-02
brendon_hartley,Brendon,Hartley,"New Zealander",1989-11-10
bridger,Tom,Bridger,British,1934-06-24
brise,Tony,Brise,British,1952-03-28
bristow,Chris,Bristow,British,1937-12-02
broeker,Peter,Broeker,Canadian,1926-05-15
brooks,Tony,Brooks,British,1932-02-25
brown,Warwick,Brown,Australian,1949-12-24
brudes,Adolf,Brudes,German,1899-10-15
brundle,Martin,Brundle,British,1959-06-01
bruni,Gianmaria,Bruni,Italian,1981-05-30
bruno_senna,Bruno,Senna,Brazilian,1983-10-15
bryan,Jimmy,Bryan,American,1926-01-28
bucci,Clemar,Bucci,Argentine,1920-09-04
bucknum,Ronnie,Bucknum,American,1936-04-05
bueb,Ivor,Bueb,British,1923-06-06
buemi,Sébastien,Buemi,Swiss,1988-10-31
bueno,Luiz,Bueno,Brazilian,1937-01-16
burgess,Ian,Burgess,British,1930-07-06
burti,Luciano,Burti,Brazilian,1975-03-05
bussinello,Roberto,Bussinello,Italian,1927-10-04
button,Jenson,Button,British,1980-01-19
byrne,Tommy,Byrne,Irish,1958-05-06
cabantous,Yves,Cabantous,French,1904-10-08
cabianca,Giulio,Cabianca,Italian,1923-02-19
cabral,"Mário de Araújo",Cabral,Portuguese,1934-01-15
cade,Phil,Cade,American,1916-06-12
caffi,Alex,Caffi,Italian,1964-03-18
campbell-jones,John,Campbell-Jones,British,1930-01-21
campos,Adrián,Campos,Spanish,1960-06-17
Cannoc,John,Cannon,Canadian,1933-06-21
cantoni,Eitel,Cantoni,Uruguayan,1906-10-04
cantrell,Bill,Cantrell,American,1908-01-31
capelli,Ivan,Capelli,Italian,1963-05-24
carini,Piero,Carini,Italian,1921-03-06
castellotti,Eugenio,Castellotti,Italian,1930-10-10
cecotto,Johnny,Cecotto,Venezuelan,1956-01-25
cesaris,Andrea,"de Cesaris",Italian,1959-05-31
cevert,François,Cevert,French,1944-02-25
chaboud,Eugène,Chaboud,French,1907-04-12
chamberlain,Jay,Chamberlain,American,1925-12-29
chandhok,Karun,Chandhok,Indian,1984-01-19
Changy,Alain,"de Changy",Belgian,1922-02-05
chapman,Colin,Chapman,British,1928-05-19
charlton,Dave,Charlton,"South African",1936-10-27
charrington,Robin,Montgomerie-Charrington,British,1915-06-23
chaves,Pedro,Chaves,Portuguese,1965-02-27
cheesbourg,Bill,Cheesbourg,American,1927-06-12
cheever,Eddie,Cheever,American,1958-01-10
chiesa,Andrea,Chiesa,Swiss,1964-05-06
chilton,Max,Chilton,British,1991-04-21
chimeri,Ettore,Chimeri,Venezuelan,1921-06-04
chiron,Louis,Chiron,Monegasque,1899-08-03
chitwood,Joie,Chitwood,American,1912-04-14
christie,Bob,Christie,American,1924-04-04
claes,Johnny,Claes,Belgian,1916-08-11
clapham,David,Clapham,"South African",1931-05-18
clark,Jim,Clark,British,1936-03-04
cogan,Kevin,Cogan,American,1956-03-31
collins,Peter,Collins,British,1931-11-06
collomb,Bernard,Collomb,French,1930-10-07
colombo,Alberto,Colombo,Italian,1946-02-23
comas,Érik,Comas,French,1963-09-28
comotti,Franco,Comotti,Italian,1906-07-24
connor,Pat,O'Connor,American,1928-10-09
constantine,George,Constantine,American,1918-02-22
cordts,John,Cordts,Canadian,1935-07-23
corrado_fabi,Corrado,Fabi,Italian,1961-04-12
coulthard,David,Coulthard,British,1971-03-27
courage,Piers,Courage,British,1942-05-27
craft,Chris,Craft,British,1939-11-17
crawford,Jim,Crawford,British,1948-02-13
crespo,Alberto,Crespo,Argentine,1920-01-16
creus,Antonio,Creus,Spanish,1924-10-28
crockett,Larry,Crockett,American,1926-10-23
crook,Tony,Crook,British,1920-02-16
cross,Art,Cross,American,1918-01-24
crossley,Geoff,Crossley,British,1921-05-11
cruz,Adolfo,Cruz,Argentine,1923-06-28
daigh,Chuck,Daigh,American,1923-11-29
dalmas,Yannick,Dalmas,French,1961-07-28
daly,Derek,Daly,Irish,1953-03-11
damon_hill,Damon,Hill,British,1960-09-17
danner,Christian,Danner,German,1958-04-04
daponte,Jorge,Daponte,Argentine,1923-06-05
darter,Duane,Carter,American,1913-05-05
davidson,Anthony,Davidson,British,1979-04-18
davies,Jimmy,Davies,American,1929-08-08
davis,Colin,Davis,British,1933-07-29
daywalt,Jimmy,Daywalt,American,1924-08-28
deletraz,Jean-Denis,Délétraz,Swiss,1963-10-01
dempsey_wilson,Dempsey,Wilson,American,1927-03-11
dennis_taylor,Dennis,Taylor,British,1921-06-12
depailler,Patrick,Depailler,French,1944-08-09
desire_wilson,Desiré,Wilson,"South African",1953-11-26
dick_rathmann,Dick,Rathmann,American,1924-01-06
diniz,Pedro,Diniz,Brazilian,1970-05-22
dinsmore,Duke,Dinsmore,American,1913-04-10
dochnal,Frank,Dochnal,American,1920-10-08
dolhem,José,Dolhem,French,1944-04-26
donnelly,Martin,Donnelly,British,1964-03-26
donohue,Mark,Donohue,American,1937-03-18
doornbos,Robert,Doornbos,Dutch,1981-09-23
downing,Ken,Downing,British,1917-12-05
drake,Bob,Drake,American,1919-12-14
driver,Paddy,Driver,"South African",1934-05-13
drogo,Piero,Drogo,Italian,1926-08-08
dryver,Bernard,"de Dryver",Belgian,1952-09-19
duke,Geoff,Duke,British,1923-03-29
dumfries,Johnny,Dumfries,British,1958-04-26
duncan,Len,Duncan,American,1911-07-25
duncan_hamilton,Duncan,Hamilton,British,1920-04-30
dusio,Piero,Dusio,Italian,1899-10-13
eaton,George,Eaton,Canadian,1945-11-12
ecclestone,Bernie,Ecclestone,British,1930-10-28
edmunds,Don,Edmunds,American,1930-09-23
edwards,Guy,Edwards,British,1942-12-30
elford,Vic,Elford,British,1935-06-10
elisian,Ed,Elisian,American,1926-12-09
emerson_fittipaldi,Emerson,Fittipaldi,Brazilian,1946-12-12
emery,Paul,Emery,British,1916-11-12
enge,Tomáš,Enge,Czech,1976-09-11
england,Paul,England,Australian,1929-03-28
ericsson,Marcus,Ericsson,Swedish,1990-09-02
ernesto_brambilla,Ernesto,Brambilla,Italian,1934-01-31
ertl,Harald,Ertl,Austrian,1948-08-31
estefano,Nasif,Estéfano,Argentine,1932-11-18
etancelin,Philippe,Étancelin,French,1896-12-28
evans,Bob,Evans,British,1947-06-11
fabi,Teo,Fabi,Italian,1955-03-09
fabre,Pascal,Fabre,French,1960-01-09
facetti,Carlo,Facetti,Italian,1935-06-26
fagioli,Luigi,Fagioli,Italian,1898-06-09
fairman,Jack,Fairman,British,1913-03-15
fangio,Juan,Fangio,Argentine,1911-06-24
farina,Nino,Farina,Italian,1906-10-30
faulkner,Walt,Faulkner,American,1920-02-16
filippis,Maria,"de Filippis",Italian,1926-11-11
firman,Ralph,Firman,Irish,1975-05-20
fischer,Rudi,Fischer,Swiss,1912-04-19
fisher,Mike,Fisher,American,1943-03-13
fisichella,Giancarlo,Fisichella,Italian,1973-01-14
fitch,John,Fitch,American,1917-08-04
fittipaldi,Christian,Fittipaldi,Brazilian,1971-01-18
fitzau,Theo,Fitzau,"East German",1923-02-10
flaherty,Pat,Flaherty,American,1926-01-06
flinterman,Jan,Flinterman,Dutch,1919-10-02
flockhart,Ron,Flockhart,British,1923-06-16
fohr,Myron,Fohr,American,1912-06-17
foitek,Gregor,Foitek,Swiss,1965-03-27
follmer,George,Follmer,American,1934-01-27
fonder,George,Fonder,American,1917-06-22
fontana,Norberto,Fontana,Argentine,1975-01-20
fontes,Azdrubal,Fontes,Uruguayan,1922-12-26
forberg,Carl,Forberg,American,1911-03-04
force,Gene,Force,American,1916-06-15
forini,Franco,Forini,Swiss,1958-09-22
foyt,Anthony,Foyt,American,1935-01-16
francia,Giorgio,Francia,Italian,1947-11-08
freeland,Don,Freeland,American,1925-03-25
frentzen,Heinz-Harald,Frentzen,German,1967-05-18
frere,Paul,Frère,Belgian,1917-01-30
friesacher,Patrick,Friesacher,Austrian,1980-09-26
fry,Joe,Fry,British,1915-10-26
fushida,Hiroshi,Fushida,Japanese,1946-03-10
gabbiani,Beppe,Gabbiani,Italian,1957-01-02
gachot,Bertrand,Gachot,Belgian,1962-12-23
gaillard,Patrick,Gaillard,French,1952-02-12
galica,Divina,Galica,British,1944-08-13
galli,Nanni,Galli,Italian,1940-10-02
galvez,Oscar,Gálvez,Argentine,1913-08-17
gamble,Fred,Gamble,American,1932-03-17
ganley,Howden,Ganley,"New Zealander",1941-12-24
garde,Giedo,"van der Garde",Dutch,1985-04-25
gardner,Frank,Gardner,Australian,1930-10-01
garrett,Billy,Garrett,American,1933-04-24
gartner,Jo,Gartner,Austrian,1954-01-24
gary_brabham,Gary,Brabham,Australian,1961-03-29
gasly,Pierre,Gasly,French,1996-02-07
gavin,Johnny,Servoz-Gavin,French,1942-01-18
gaze,Tony,Gaze,Australian,1920-02-03
geki,Giacomo,Russo,Italian,1937-10-23
gendebien,Olivier,Gendebien,Belgian,1924-01-12
gene,Marc,Gené,Spanish,1974-03-29
george,Elmer,George,American,1928-07-15
george_amick,George,Amick,American,1924-10-24
george_connor,George,Connor,American,1906-08-16
georges_berger,Georges,Berger,Belgian,1918-09-14
gerard,Bob,Gerard,British,1914-01-19
gerini,Gerino,Gerini,Italian,1928-08-10
gethin,Peter,Gethin,British,1940-02-21
ghinzani,Piercarlo,Ghinzani,Italian,1952-01-16
giacomelli,Bruno,Giacomelli,Italian,1952-09-10
gibson,Dick,Gibson,British,1918-04-16
gilles_villeneuve,Gilles,Villeneuve,Canadian,1950-01-18
gimax,Carlo,Franchi,Italian,1938-01-01
ginther,Richie,Ginther,American,1930-08-05
giovinazzi,Antonio,Giovinazzi,Italian,1993-12-14
giunti,Ignazio,Giunti,Italian,1941-08-30
glock,Timo,Glock,German,1982-03-18
godia,Paco,Godia,Spanish,1921-03-21
goethals,Christian,Goethals,Belgian,1928-08-04
goldsmith,Paul,Goldsmith,American,1925-10-02
gonzalez,"José Froilán",González,Argentine,1922-10-05
gordini,Aldo,Gordini,French,1921-05-20
gould,Horace,Gould,British,1918-09-20
gounon,Jean-Marc,Gounon,French,1963-01-01
graffenried,Toulo,"de Graffenried",Swiss,1914-05-18
graham_whitehead,Graham,Whitehead,British,1922-04-15
grassi,Lucas,"di Grassi",Brazilian,1984-08-11
green,Cecil,Green,American,1919-09-30
greene,Keith,Greene,British,1938-01-05
gregory,Masten,Gregory,American,1932-02-29
griffith,Cliff,Griffith,American,1916-02-06
grignard,Georges,Grignard,French,1905-07-25
grim,Bobby,Grim,American,1924-09-04
grosjean,Romain,Grosjean,French,1986-04-17
grouillard,Olivier,Grouillard,French,1958-09-02
gubby,Brian,Gubby,British,1934-04-17
guelfi,André,Guelfi,French,1919-05-06
guerra,"Miguel Ángel",Guerra,Argentine,1953-08-31
guerrero,Roberto,Guerrero,Colombian,1958-11-16
gugelmin,Maurício,Gugelmin,Brazilian,1963-04-20
gurney,Dan,Gurney,American,1931-04-13
gutierrez,Esteban,Gutiérrez,Mexican,1991-08-05
guy_mairesse,Guy,Mairesse,French,1910-08-10
hahne,Hubert,Hahne,German,1935-03-28
hailwood,Mike,Hailwood,British,1940-04-02
hakkinen,Mika,Häkkinen,Finnish,1968-09-28
halford,Bruce,Halford,British,1931-05-18
hall,Jim,Hall,American,1935-07-23
hamilton,Lewis,Hamilton,British,1985-01-07
hampshire,David,Hampshire,British,1917-12-29
hanks,Sam,Hanks,American,1914-07-13
hans_stuck,Hans,"von Stuck",German,1900-12-27
hansgen,Walt,Hansgen,American,1919-10-28
harris,Mike,Harris,"South African",1939-05-25
harrison,Cuth,Harrison,British,1906-07-06
hart,Brian,Hart,British,1936-09-07
hartley,Gene,Hartley,American,1926-01-28
haryanto,Rio,Haryanto,Indonesian,1993-01-22
hasemi,Masahiro,Hasemi,Japanese,1945-11-13
hattori,Naoki,Hattori,Japanese,1966-06-13
hawkins,Paul,Hawkins,Australian,1937-10-12
hawthorn,Mike,Hawthorn,British,1929-04-10
hayje,Boy,Lunger,Dutch,1949-05-03
heeks,Willi,Heeks,German,1922-02-13
heidfeld,Nick,Heidfeld,German,1977-05-10
helfrich,Theo,Helfrich,German,1913-05-13
hellings,Mack,Hellings,American,1915-09-14
henry_taylor,Henry,Taylor,British,1932-12-16
henton,Brian,Henton,British,1946-09-19
herbert,Johnny,Herbert,British,1964-06-25
herman,Al,Herman,American,1927-03-15
herrmann,Hans,Herrmann,German,1928-02-23
hesnault,François,Hesnault,French,1956-12-30
heyer,Hans,Heyer,German,1943-03-16
hill,Graham,Hill,British,1929-02-15
hirt,Peter,Hirt,Swiss,1910-03-30
hobbs,David,Hobbs,British,1939-06-09
hocking,Gary,Hocking,Rhodesian,1937-09-30
hoffmann,Ingo,Hoffmann,Brazilian,1953-02-28
holland,Bill,Holland,American,1907-12-18
holmes,Jackie,Holmes,American,1920-09-04
homeier,Bill,Homeier,American,1918-08-31
hoshino,Kazuyoshi,Hoshino,Japanese,1947-07-01
hoyt,Jerry,Hoyt,American,1929-01-29
hulkenberg,Nico,Hülkenberg,German,1987-08-19
hulme,Denny,Hulme,"New Zealander",1936-06-18
hunt,James,Hunt,British,1947-08-29
hurtubise,Jim,Hurtubise,American,1932-12-05
hutchison,Gus,Hutchison,American,1937-04-26
ian_scheckter,Ian,Scheckter,"South African",1947-08-22
ian_stewart,Ian,Stewart,British,1929-07-15
ickx,Jacky,Ickx,Belgian,1945-01-01
ide,Yuji,Ide,Japanese,1975-01-21
iglesias,Jesús,Iglesias,Argentine,1922-02-22
inoue,Taki,Inoue,Japanese,1963-09-05
ireland,Innes,Ireland,British,1930-06-12
irvine,Eddie,Irvine,British,1965-11-10
irwin,Chris,Irwin,British,1942-06-27
jabouille,Jean-Pierre,Jabouille,French,1942-10-01
jack_brabham,Jack,Brabham,Australian,1926-04-02
jackson,Jimmy,Jackson,American,1910-07-25
james,Joe,James,American,1925-05-23
jarier,Jean-Pierre,Jarier,French,1946-07-10
jean,Max,Jean,French,1943-07-27
jerry_unser,Jerry,Unser,American,1932-11-15
jimmy_stewart,Jimmy,Stewart,British,1931-03-06
jo_schlesser,Jo,Schlesser,French,1928-05-18
joachim_winkelhock,Joachim,Winkelhock,German,1960-10-24
johansson,Stefan,Johansson,Swedish,1956-09-08
john_barber,John,Barber,British,1929-07-22
john_james,John,James,British,1914-05-10
johnson,Eddie,Johnson,American,1919-02-10
johnstone,Bruce,Johnstone,"South African",1937-01-30
jolyon_palmer,Jolyon,Palmer,British,1991-01-20
jones,Alan,Jones,Australian,1946-11-02
jover,Juan,Jover,Spanish,1903-11-23
jules_bianchi,Jules,Bianchi,French,1989-08-03
karch,Oswald,Karch,German,1917-03-06
karthikeyan,Narain,Karthikeyan,Indian,1977-01-14
katayama,Ukyo,Katayama,Japanese,1963-05-29
kavanagh,Ken,Kavanagh,Australian,1923-12-12
keegan,Rupert,Keegan,British,1955-02-26
keizan,Eddie,Keizan,"South African",1944-09-12
keke_rosberg,Keke,Rosberg,Finnish,1948-12-06
keller,Al,Keller,American,1920-04-11
kelly,Joe,Kelly,Irish,1913-03-13
ken_miles,Ken,Miles,British,1918-11-01
kennedy,Dave,Kennedy,Irish,1953-01-15
kessel,Loris,Kessel,Swiss,1950-04-01
kessler,Bruce,Kessler,American,1936-03-23
kevin_magnussen,Kevin,Magnussen,Danish,1992-10-05
kiesa,Nicolas,Kiesa,Danish,1978-03-03
kinnunen,Leo,Kinnunen,Finnish,1943-08-05
kladis,Danny,Kladis,American,1917-02-10
klenk,Hans,Klenk,German,1919-10-28
klerk,Peter,"de Klerk","South African",1935-03-16
klien,Christian,Klien,Austrian,1983-02-07
kling,Karl,Kling,German,1910-09-16
klodwig,Ernst,Klodwig,"East German",1903-05-23
kobayashi,Kamui,Kobayashi,Japanese,1986-09-13
koinigg,Helmuth,Koinigg,Austrian,1948-11-03
kovalainen,Heikki,Kovalainen,Finnish,1981-10-19
kozarowitzky,Mikko,Kozarowitzky,Finnish,1948-05-17
krause,Rudolf,Krause,"East German",1907-03-30
kubica,Robert,Kubica,Polish,1984-12-07
kuhnke,Kurt,Kuhnke,German,1910-04-30
kvyat,Daniil,Kvyat,Russian,1994-04-26
la_caze,Robert,"La Caze",French,1917-02-26
laffite,Jacques,Laffite,French,1943-11-21
lagorce,Franck,Lagorce,French,1968-09-01
lammers,Jan,Lammers,Dutch,1956-06-02
lamy,Pedro,Lamy,Portuguese,1972-03-20
landi,Chico,Landi,Brazilian,1907-07-14
lang,Hermann,Lang,German,1909-04-06
langes,Claudio,Langes,Italian,1960-07-20
larini,Nicola,Larini,Italian,1964-03-19
larrauri,Oscar,Larrauri,Argentine,1954-08-19
larreta,"Alberto Rodriguez",Larreta,Argentine,1934-01-14
larrousse,Gérard,Larrousse,French,1940-05-23
larson,Jud,Larson,American,1923-01-21
latifi,Nicholas,Latifi,Canadian,1995-06-29
lauda,Niki,Lauda,Austrian,1949-02-22
laurent,Roger,Laurent,Belgian,1913-02-21
lavaggi,Giovanni,Lavaggi,Italian,1958-02-18
lawrence,Chris,Lawrence,British,1933-07-27
leclerc,Charles,Leclerc,Monegasque,1997-10-16
leclere,Michel,Leclère,French,1946-03-18
lederle,Neville,Lederle,"South African",1938-09-25
lees,Geoff,Lees,British,1951-05-01
legat,Arthur,Legat,Belgian,1898-11-01
lehto,Jyrki,Järvilehto,Finnish,1966-01-31
lennep,Gijs,"van Lennep",Dutch,1942-03-16
leoni,Lamberto,Leoni,Italian,1953-05-24
leslie_johnson,Leslie,Johnson,British,1912-03-22
leston,Les,Leston,British,1920-12-16
levegh,Pierre,Levegh,French,1905-12-22
levrett,Bayliss,Levrett,American,1914-02-14
lewis,Jackie,Lewis,British,1936-11-01
lewis-evans,Stuart,Lewis-Evans,British,1930-04-20
ligier,Guy,Ligier,French,1930-07-12
linden,Andy,Linden,American,1922-04-05
lippi,Roberto,Lippi,Italian,1926-10-17
liuzzi,Vitantonio,Liuzzi,Italian,1980-08-06
lof,Dries,"van der Lof",Dutch,1919-08-23
lombardi,Lella,Lombardi,Italian,1941-03-26
londono,Ricardo,Londoño,Colombian,1949-08-08
loof,Ernst,Loof,German,1907-07-04
lotterer,André,Lotterer,German,1981-11-19
louveau,Henri,Louveau,French,1910-01-25
love,John,Love,Rhodesian,1924-12-07
lovely,Pete,Lovely,American,1926-04-11
loyer,Roger,Loyer,French,1907-08-05
lucas,Jean,Lucas,French,1917-04-25
lucienbonnet,Jean,Lucienbonnet,French,1923-01-07
lunger,Brett,Lunger,American,1945-11-14
macdowel,Mike,MacDowel,British,1932-09-13
mackay-fraser,Herbert,MacKay-Fraser,American,1927-06-23
mackey,Bill,Mackey,American,1927-12-15
macklin,Lance,Macklin,British,1919-09-02
magee,Damien,Magee,British,1945-11-17
maggs,Tony,Maggs,"South African",1937-02-09
magill,Mike,Magill,American,1920-02-08
maglioli,Umberto,Maglioli,Italian,1928-06-05
magnussen,Jan,Magnussen,Danish,1973-07-04
mairesse,Willy,Mairesse,Belgian,1928-10-01
maldonado,Pastor,Maldonado,Venezuelan,1985-03-09
manfred_winkelhock,Manfred,Winkelhock,German,1951-10-06
mansell,Nigel,Mansell,British,1953-08-08
mantovani,Sergio,Mantovani,Italian,1929-05-22
mantz,Johnny,Mantz,American,1918-09-18
manzon,Robert,Manzon,French,1917-04-12
marimon,Onofre,Marimón,Argentine,1923-12-19
mario_andretti,Mario,Andretti,American,1940-02-28
marko,Helmut,Marko,Austrian,1943-04-27
markus_winkelhock,Markus,Winkelhock,German,1980-06-13
marques,Tarso,Marques,Brazilian,1976-01-19
marr,Leslie,Marr,British,1922-08-14
marsh,Tony,Marsh,British,1931-07-20
martin,Eugène,Martin,French,1915-03-24
martini,Pierluigi,Martini,Italian,1961-04-23
mass,Jochen,Mass,German,1946-09-30
massa,Felipe,Massa,Brazilian,1981-04-25
matta,Cristiano,"da Matta",Brazilian,1973-09-19
max_verstappen,Max,Verstappen,Dutch,1997-09-30
may,Michael,May,Swiss,1934-08-18
mayer,Timmy,Mayer,American,1938-02-22
mazepin,Nikita,Mazepin,Russian,1999-03-02
mazet,François,Mazet,French,1943-02-24
mazzacane,Gastón,Mazzacane,Argentine,1975-05-08
mcalpine,Kenneth,McAlpine,British,1920-09-21
mccarthy,Perry,McCarthy,British,1961-03-03
mccoy,Ernie,McCoy,American,1921-02-19
mcdowell,Johnny,McDowell,American,1915-01-29
mcgrath,Jack,McGrath,American,1919-10-08
mcguire,Brian,McGuire,Australian,1945-12-13
mclaren,Bruce,McLaren,"New Zealander",1937-08-30
mcnish,Allan,McNish,British,1969-12-29
mcrae,Graham,McRae,"New Zealander",1940-03-05
mcwithey,Jim,McWithey,American,1927-07-04
menditeguy,Carlos,Menditeguy,Argentine,1914-08-10
merhi,Roberto,Merhi,Spanish,1991-03-22
merzario,Arturo,Merzario,Italian,1943-03-11
michael_schumacher,Michael,Schumacher,German,1969-01-03
mick_schumacher,Mick,Schumacher,German,1999-03-22
mieres,Roberto,Mieres,Argentine,1924-12-03
migault,François,Migault,French,1944-12-04
mike_taylor,Mike,Taylor,British,1934-04-24
miles,John,Miles,British,1943-06-14
milhoux,André,Milhoux,Belgian,1928-12-09
miller,Chet,Miller,American,1902-07-19
mitter,Gerhard,Mitter,German,1935-08-30
modena,Stefano,Modena,Italian,1963-05-12
monarch,Thomas,Monarch,American,1945-09-03
montagny,Franck,Montagny,French,1978-01-05
monteiro,Tiago,Monteiro,Portuguese,1976-07-24
montermini,Andrea,Montermini,Italian,1964-05-30
monteverdi,Peter,Monteverdi,Swiss,1934-06-07
montoya,Juan,"Pablo Montoya",Colombian,1975-09-20
morbidelli,Gianni,Morbidelli,Italian,1968-01-13
moreno,Roberto,Moreno,Brazilian,1959-02-11
morgan,Dave,Morgan,British,1944-08-07
moser,Silvio,Moser,Swiss,1941-04-24
moss,Stirling,Moss,British,1929-09-17
munaron,Gino,Munaron,Italian,1928-04-02
murray,David,Murray,British,1909-12-28
musso,Luigi,Musso,Italian,1924-07-28
nakajima,Kazuki,Nakajima,Japanese,1985-01-11
nakano,Shinji,Nakano,Japanese,1971-04-01
nalon,Duke,Nalon,American,1913-03-02
nannini,Alessandro,Nannini,Italian,1959-07-07
naspetti,Emanuele,Naspetti,Italian,1968-02-24
nasr,Felipe,Nasr,Brazilian,1992-08-21
natili,Massimo,Natili,Italian,1935-07-28
naylor,Brian,Naylor,British,1923-03-24
nazaruk,Mike,Nazaruk,American,1921-10-02
needell,Tiff,Needell,British,1951-10-29
nelleman,Jac,Nelleman,Danish,1944-04-19
neve,Patrick,Nève,Belgian,1949-10-13
nicholson,John,Nicholson,"New Zealander",1941-10-06
niday,Cal,Niday,American,1914-04-29
niedermayr,Helmut,Niedermayr,German,1915-11-29
niemann,Brausch,Niemann,"South African",1939-01-07
nilsson,Gunnar,Nilsson,Swedish,1948-11-20
noda,Hideki,Noda,Japanese,1969-03-07
norris,Lando,Norris,British,1999-11-13
nuckey,Rodney,Nuckey,British,1929-06-26
obrien,Robert,O'Brien,American,1908-04-11
ocon,Esteban,Ocon,French,1996-09-17
oliver,Jackie,Oliver,British,1942-08-14
ongais,Danny,Ongais,American,1942-05-21
opel,Rikky,"von Opel",Liechtensteiner,1947-10-14
orey,Fritz,d'Orey,Brazilian,1938-03-25
oscar_gonzalez,Óscar,González,Uruguayan,1923-11-10
owen,Arthur,Owen,British,1915-03-23
pace,Carlos,Pace,Brazilian,1944-10-06
pagani,Nello,Pagani,Italian,1911-10-11
paletti,Riccardo,Paletti,Italian,1958-06-15
palm,Torsten,Palm,Swedish,1947-07-23
palmer,Jonathan,Palmer,British,1956-11-07
panis,Olivier,Panis,French,1966-09-02
pantano,Giorgio,Pantano,Italian,1979-02-04
papis,Massimiliano,Papis,Italian,1969-10-03
parker,Philip,Fotheringham-Parker,British,1907-09-22
parkes,Mike,Parkes,British,1931-09-24
parnell,Tim,Parnell,British,1932-06-25
parsons,Johnnie,Parsons,American,1918-07-04
patrese,Riccardo,Patrese,Italian,1954-04-17
paul_russo,Paul,Russo,American,1914-04-10
pease,Al,Pease,Canadian,1921-10-15
penske,Roger,Penske,American,1937-02-20
perdisa,Cesare,Perdisa,Italian,1932-10-21
perez,Sergio,Pérez,Mexican,1990-01-26
perkins,Larry,Perkins,Australian,1950-03-18
pescarolo,Henri,Pescarolo,French,1942-09-25
pesenti_rossi,Alessandro,Pesenti-Rossi,Italian,1942-08-31
peter_walker,Peter,Walker,British,1912-10-07
peters,Josef,Peters,German,1914-09-16
peterson,Ronnie,Peterson,Swedish,1944-02-14
petrov,Vitaly,Petrov,Russian,1984-09-08
phil_hill,Phil,Hill,American,1927-04-20
pian,Alfredo,Pián,Argentine,1912-10-21
pic,Charles,Pic,French,1990-02-15
picard,François,Picard,French,1921-04-26
pieterse,Ernie,Pieterse,"South African",1938-07-04
pietro_fittipaldi,Pietro,Fittipaldi,Brazilian,1996-06-25
pietsch,Paul,Pietsch,German,1911-06-20
pilette,Teddy,Pilette,Belgian,1942-07-26
piotti,Luigi,Piotti,Italian,1913-10-27
piper,David,Piper,British,1930-12-02
piquet,Nelson,Piquet,Brazilian,1952-08-17
piquet_jr,Nelson,"Piquet Jr.",Brazilian,1985-07-25
pirocchi,Renato,Pirocchi,Italian,1933-03-26
pironi,Didier,Pironi,French,1952-03-26
pirro,Emanuele,Pirro,Italian,1962-01-12
pizzonia,Antônio,Pizzonia,Brazilian,1980-09-11
poele,Eric,"van de Poele",Belgian,1961-09-30
pollet,Jacques,Pollet,French,1922-07-02
pon,Ben,Pon,Dutch,1936-12-09
poore,Dennis,Poore,British,1916-08-19
portago,Alfonso,"de Portago",Spanish,1928-10-11
posey,Sam,Posey,American,1944-05-26
pozzi,Charles,Pozzi,French,1909-08-27
pretorius,Jackie,Pretorius,"South African",1934-11-22
prinoth,Ernesto,Prinoth,Italian,1923-04-15
prophet,David,Prophet,British,1937-10-09
prost,Alain,Prost,French,1955-02-24
pryce,Tom,Pryce,British,1949-06-11
purley,David,Purley,British,1945-01-26
puzey,Clive,Puzey,Rhodesian,1941-07-11
quester,Dieter,Quester,Austrian,1939-05-30
raby,Ian,Raby,British,1921-09-22
rahal,Bobby,Rahal,American,1953-01-10
raikkonen,Kimi,Räikkönen,Finnish,1979-10-17
ralf_schumacher,Ralf,Schumacher,German,1975-06-30
ramos,Hernando,"da Silva Ramos",Brazilian,1925-12-07
raphanel,Pierre-Henri,Raphanel,French,1961-05-27
rathmann,Jim,Rathmann,American,1928-07-16
ratzenberger,Roland,Ratzenberger,Austrian,1960-07-04
ray_crawford,Ray,Crawford,American,1915-10-26
rebaque,Hector,Rebaque,Mexican,1956-02-05
redman,Brian,Redman,British,1937-03-09
reece,Jimmy,Reece,American,1929-11-17
reed,Ray,Reed,"South African",1932-04-30
rees,Alan,Rees,British,1938-01-12
reg_parnell,Reg,Parnell,British,1911-07-02
regazzoni,Clay,Regazzoni,Swiss,1939-09-05
resta,Paul,"di Resta",British,1986-04-16
reutemann,Carlos,Reutemann,Argentine,1942-04-12
reventlow,Lance,Reventlow,American,1936-02-24
revson,Peter,Revson,American,1939-02-27
rhodes,John,Rhodes,British,1927-08-18
ribeiro,Alex,Ribeiro,Brazilian,1948-11-07
ricardo_rodriguez,Ricardo,Rodríguez,Mexican,1942-02-14
ricciardo,Daniel,Ricciardo,Australian,1989-07-01
richardson,Ken,Richardson,British,1911-08-21
riess,Fritz,Riess,German,1922-07-11
rigsby,Jim,Rigsby,American,1923-06-06
rindt,Jochen,Rindt,Austrian,1942-04-18
riseley_prichard,John,Riseley-Prichard,British,1924-01-17
riu,Giovanni,"de Riu",Italian,1925-03-10
robarts,Richard,Robarts,British,1944-09-22
rodriguez,Pedro,Rodríguez,Mexican,1940-01-18
roig,Alex,Soler-Roig,Spanish,1932-10-29
rol,Franco,Rol,Italian,1908-06-05
rollinson,Alan,Rollinson,British,1943-05-15
rolt,Tony,Rolt,British,1918-10-16
roos,Bertil,Roos,Swedish,1943-10-12
rooyen,Basil,"van Rooyen","South African",1939-04-19
rosa,Pedro,"de la Rosa",Spanish,1971-02-24
rosberg,Nico,Rosberg,German,1985-06-27
rose,Mauri,Rose,American,1906-05-26
rosier,Louis,Rosier,French,1905-11-05
rosset,Ricardo,Rosset,Brazilian,1968-07-27
rossi,Alexander,Rossi,American,1991-09-25
rothengatter,Huub,Rothengatter,Dutch,1954-10-08
ruby,Lloyd,Ruby,American,1928-01-12
russell,George,Russell,British,1998-02-15
russo,Eddie,Russo,American,1925-11-19
ruttman,Troy,Ruttman,American,1930-03-11
ryan,Peter,Ryan,Canadian,1940-06-10
sachs,Eddie,Sachs,American,1927-05-28
said,Bob,Said,American,1932-05-05
sainz,Carlos,Sainz,Spanish,1994-09-01
sala,Luis,Pérez-Sala,Spanish,1959-05-15
salazar,Eliseo,Salazar,Chilean,1954-11-14
salo,Mika,Salo,Finnish,1966-11-30
salvadori,Roy,Salvadori,British,1922-05-12
sanesi,Consalvo,Sanesi,Italian,1911-03-28
sarrazin,Stéphane,Sarrazin,French,1975-11-02
sato,Takuma,Sato,Japanese,1977-01-28
satoru_nakajima,Satoru,Nakajima,Japanese,1953-02-23
scarborough,Carl,Scarborough,American,1914-07-03
scarfiotti,Ludovico,Scarfiotti,Italian,1933-10-18
scarlatti,Giorgio,Scarlatti,Italian,1921-10-02
scheckter,Jody,Scheckter,"South African",1950-01-29
schell,Harry,Schell,American,1921-06-29
schenken,Tim,Schenken,Australian,1943-09-26
scherrer,Albert,Scherrer,Swiss,1908-02-28
schiattarella,Domenico,Schiattarella,Italian,1967-11-17
schiller,Heinz,Schiller,Swiss,1930-01-25
schindler,Bill,Schindler,American,1909-03-06
schlesser,Jean-Louis,Schlesser,French,1948-09-12
schneider,Bernd,Schneider,German,1964-07-20
schoeller,Rudolf,Schoeller,Swiss,1902-04-27
schroeder,Rob,Schroeder,British,1926-05-11
schuppan,Vern,Schuppan,Australian,1943-03-19
scott_Brown,Archie,"Scott Brown",British,1927-05-13
scotti,Piero,Scotti,Italian,1909-11-11
seidel,Wolfgang,Seidel,German,1926-07-04
seiffert,Günther,Seiffert,German,1937-10-18
senna,Ayrton,Senna,Brazilian,1960-03-21
serafini,Dorino,Serafini,Italian,1909-07-22
serra,Chico,Serra,Brazilian,1957-02-03
serrurier,Doug,Serrurier,"South African",1920-12-09
settember,Tony,Settember,American,1926-07-10
sharp,Hap,Sharp,American,1928-01-01
shawe_taylor,Brian,"Shawe Taylor",British,1915-01-28
shelby,Carroll,Shelby,American,1923-01-11
shelly,Tony,Shelly,"New Zealander",1937-02-02
siffert,Jo,Siffert,Swiss,1936-07-07
simon,André,Simon,French,1920-01-05
sirotkin,Sergey,Sirotkin,Russian,1995-08-27
slotemaker,Rob,Slotemaker,Dutch,1929-06-13
solana,Moisés,Solana,Mexican,1935-12-26
sommer,Raymond,Sommer,French,1906-08-31
sospiri,Vincenzo,Sospiri,Italian,1966-10-07
south,Stephen,South,British,1952-02-19
sparken,Mike,Sparken,French,1930-06-16
speed,Scott,Speed,American,1983-01-24
spence,Mike,Spence,British,1936-12-30
stacey,Alan,Stacey,British,1933-08-29
starrabba,Gaetano,Starrabba,Italian,1932-12-03
stevens,Will,Stevens,British,1991-06-28
stevenson,Chuck,Stevenson,American,1919-10-15
stewart,Jackie,Stewart,British,1939-06-11
stohr,Siegfried,Stohr,Italian,1952-10-10
stommelen,Rolf,Stommelen,German,1943-07-11
streiff,Philippe,Streiff,French,1955-06-26
stroll,Lance,Stroll,Canadian,1998-10-29
stuck,Hans-Joachim,Stuck,German,1951-01-01
stuppacher,Otto,Stuppacher,Austrian,1947-03-03
sullivan,Danny,Sullivan,American,1950-03-09
surer,Marc,Surer,Swiss,1951-09-18
surtees,John,Surtees,British,1934-02-11
sutcliffe,Andy,Sutcliffe,British,1947-05-09
sutil,Adrian,Sutil,German,1983-01-11
sutton,Len,Sutton,American,1925-08-09
suzuki,Aguri,Suzuki,Japanese,1960-09-08
swaters,Jacques,Swaters,American,1926-10-30
sweikert,Bob,Sweikert,American,1926-05-20
takagi,Toranosuke,Takagi,Japanese,1974-02-12
takahara,Noritake,Takahara,Japanese,1951-06-06
takahashi,Kunimitsu,Takahashi,Japanese,1940-01-29
tambay,Patrick,Tambay,French,1949-06-25
taramazzo,Luigi,Taramazzo,Italian,1932-05-05
tarquini,Gabriele,Tarquini,Italian,1962-03-02
taruffi,Piero,Taruffi,Italian,1906-10-12
taylor,John,Taylor,British,1933-03-23
teague,Marshall,Teague,American,1921-02-22
templeman,Shorty,Templeman,American,1919-08-12
terra,Max,"de Terra",Swiss,1918-10-06
testut,André,Testut,Monegasque,1926-04-13
thackwell,Mike,Thackwell,"New Zealander",1961-03-30
thiele,Alfonso,Thiele,American-Italian,1920-04-05
thompson,Eric,Thompson,British,1919-11-04
thomson,Johnny,Thomson,American,1922-04-09
thorne,Leslie,Thorne,British,1916-06-23
tingelstad,Bud,Tingelstad,American,1928-04-04
tingle,Sam,Tingle,Rhodesian,1921-08-24
titterington,Desmond,Titterington,British,1928-05-01
tolan,Johnnie,Tolan,American,1917-10-22
tom_jones,Tom,Jones,American,1943-04-26
tomaso,Alessandro,"de Tomaso",Argentine-Italian,1928-07-10
tornaco,Charles,"de Tornaco",Belgian,1927-06-07
toshio_suzuki,Toshio,Suzuki,Japanese,1955-03-10
trevor_taylor,Trevor,Taylor,British,1936-12-26
trimmer,Tony,Trimmer,British,1943-01-24
trintignant,Maurice,Trintignant,French,1917-10-30
trips,Wolfgang,"von Trips",German,1928-05-04
trulli,Jarno,Trulli,Italian,1974-07-13
tsunoda,Yuki,Tsunoda,Japanese,2000-05-11
tuero,Esteban,Tuero,Argentine,1978-04-22
tunmer,Guy,Tunmer,"South African",1948-12-01
turner,Jack,Turner,American,1920-02-12
ulmen,Toni,Ulmen,German,1906-01-25
unser,Bobby,Unser,American,1934-02-20
uria,Alberto,Uria,Uruguayan,1924-07-11
vaccarella,Nino,Vaccarella,Italian,1933-03-04
vandoorne,Stoffel,Vandoorne,Belgian,1992-03-26
veith,Bob,Veith,American,1926-11-01
vergne,Jean-Éric,Vergne,French,1990-04-25
verstappen,Jos,Verstappen,Dutch,1972-03-04
vettel,Sebastian,Vettel,German,1987-07-03
vic_wilson,Vic,Wilson,British,1931-04-14
villeneuve,Jacques,Villeneuve,Canadian,1971-04-09
villeneuve_sr,Jacques,"Villeneuve Sr.",Canadian,1953-11-04
villoresi,Luigi,Villoresi,Italian,1909-05-16
villota,Emilio,"de Villota",Spanish,1946-07-26
volonterio,Ottorino,Volonterio,Swiss,1917-12-07
vonlanthen,Jo,Vonlanthen,Swiss,1942-05-31
vos,Ernie,"de Vos",Dutch,1941-07-01
vukovich,Bill,Vukovich,American,1918-12-13
vyver,Syd,"van der Vyver","South African",1920-06-01
wacker,Fred,Wacker,American,1918-07-10
walker,David,Walker,Australian,1941-06-10
wallard,Lee,Wallard,American,1910-09-07
walt_brown,Walt,Brown,American,1911-12-30
walter,Heini,Walter,Swiss,1927-07-28
ward,Rodger,Ward,American,1921-01-10
warwick,Derek,Warwick,British,1954-08-27
watson,John,Watson,British,1946-05-04
webb,Travis,Webb,American,1910-10-08
webber,Mark,Webber,Australian,1976-08-27
wehrlein,Pascal,Wehrlein,German,1994-10-18
weidler,Volker,Weidler,German,1962-03-18
weiler,Wayne,Weiler,American,1934-12-09
wendlinger,Karl,Wendlinger,Austrian,1968-12-20
westbury,Peter,Westbury,British,1938-05-26
weyant,Chuck,Weyant,American,1923-04-03
wharton,Ken,Wharton,British,1916-03-21
whiteaway,Ted,Whiteaway,British,1928-11-01
whitehead,Peter,Whitehead,British,1914-11-12
whitehouse,Bill,Whitehouse,British,1909-04-01
widdows,Robin,Widdows,British,1942-05-27
wietzes,Eppie,Wietzes,Canadian,1938-05-28
wilds,Mike,Wilds,British,1946-01-07
williams,Jonathan,Williams,British,1942-10-26
williamson,Roger,Williamson,British,1948-02-02
wilson,Justin,Wilson,British,1978-07-31
wilson_fittipaldi,Wilson,Fittipaldi,Brazilian,1943-12-25
wisell,Reine,Wisell,Swedish,1941-09-30
wunderink,Roelof,Wunderink,Dutch,1948-12-12
wurz,Alexander,Wurz,Austrian,1974-02-15
yamamoto,Sakon,Yamamoto,Japanese,1982-07-09
yoong,Alex,Yoong,Malaysian,1976-07-20
zanardi,Alessandro,Zanardi,Italian,1966-10-23
zapico,Emilio,Zapico,Spanish,1944-05-27
zhou,Guanyu,Zhou,Chinese,1999-05-30
zonta,Ricardo,Zonta,Brazilian,1976-03-23
zorzi,Renzo,Zorzi,Italian,1946-12-12
zunino,Ricardo,Zunino,Argentine,1949-04-13
